,Country,CountryCode,Currency,Code
0,NEW ZEALAND,NZ,New Zealand Dollars,NZD
1,COOK ISLANDS,CK,New Zealand Dollars,NZD
2,NIUE,NU,New Zealand Dollars,NZD
3,PITCAIRN,PN,New Zealand Dollars,NZD
4,TOKELAU,TK,New Zealand Dollars,NZD
5,AUSTRALIA,AU,Australian Dollars,AUD
6,CHRISTMAS ISLAND,CX,Australian Dollars,AUD
7,COCOS (KEELING) ISLANDS,CC,Australian Dollars,AUD
8,HEARD AND MC DONALD ISLANDS,HM,Australian Dollars,AUD
9,KIRIBATI,KI,Australian Dollars,AUD
10,NAURU,NR,Australian Dollars,AUD
11,NORFOLK ISLAND,NF,Australian Dollars,AUD
12,TUVALU,TV,Australian Dollars,AUD
13,AMERICAN SAMOA,AS,Euros,EUR
14,ANDORRA,AD,Euros,EUR
15,AUSTRIA,AT,Euros,EUR
16,BELGIUM,BE,Euros,EUR
17,FINLAND,FI,Euros,EUR
18,FRANCE,FR,Euros,EUR
19,FRENCH GUIANA,GF,Euros,EUR
20,FRENCH SOUTHERN TERRITORIES,TF,Euros,EUR
21,GERMANY,DE,Euros,EUR
22,GREECE,GR,Euros,EUR
23,GUADELOUPE,GP,Euros,EUR
24,IRELAND,IE,Euros,EUR
25,ITALY,IT,Euros,EUR
26,LUXEMBOURG,LU,Euros,EUR
27,MARTINIQUE,MQ,Euros,EUR
28,MAYOTTE,YT,Euros,EUR
29,MONACO,MC,Euros,EUR
30,NETHERLANDS,NL,Euros,EUR
31,PORTUGAL,PT,Euros,EUR
32,REUNION,RE,Euros,EUR
33,SAMOA,WS,Euros,EUR
34,SAN MARINO,SM,Euros,EUR
35,SLOVENIA,SI,Euros,EUR
36,SPAIN,ES,Euros,EUR
37,VATICAN CITY STATE (HOLY SEE),VA,Euros,EUR
38,SOUTH GEORGIA AND THE SOUTH SANDWICH ISLANDS,GS,Sterling,GBP
39,UNITED KINGDOM,GB,Sterling,GBP
40,JERSEY,JE,Sterling,GBP
41,BRITISH INDIAN OCEAN TERRITORY,IO,USD,USD
42,GUAM,GU,USD,USD
43,MARSHALL ISLANDS,MH,USD,USD
44,MICRONESIA FEDERATED STATES OF,FM,USD,USD
45,NORTHERN MARIANA ISLANDS,MP,USD,USD
46,PALAU,PW,USD,USD
47,PUERTO RICO,PR,USD,USD
48,TURKS AND CAICOS ISLANDS,TC,USD,USD
49,UNITED STATES,US,USD,USD
50,UNITED STATES MINOR OUTLYING ISLANDS,UM,USD,USD
51,VIRGIN ISLANDS (BRITISH),VG,USD,USD
52,VIRGIN ISLANDS (US),VI,USD,USD
53,HONG KONG,HK,HKD,HKD
54,CANADA,CA,Canadian Dollar,CAD
55,JAPAN,JP,Japanese Yen,JPY
56,AFGHANISTAN,AF,Afghani,AFN
57,ALBANIA,AL,Lek,ALL
58,ALGERIA,DZ,Algerian Dinar,DZD
59,ANGUILLA,AI,East Caribbean Dollar,XCD
60,ANTIGUA AND BARBUDA,AG,East Caribbean Dollar,XCD
61,DOMINICA,DM,East Caribbean Dollar,XCD
62,GRENADA,GD,East Caribbean Dollar,XCD
63,MONTSERRAT,MS,East Caribbean Dollar,XCD
64,SAINT KITTS,KN,East Caribbean Dollar,XCD
65,SAINT LUCIA,LC,East Caribbean Dollar,XCD
66,SAINT VINCENT GRENADINES,VC,East Caribbean Dollar,XCD
67,ARGENTINA,AR,Peso,ARS
68,ARMENIA,AM,Dram,AMD
69,ARUBA,AW,Netherlands Antilles Guilder,ANG
70,NETHERLANDS ANTILLES,AN,Netherlands Antilles Guilder,ANG
71,AZERBAIJAN,AZ,Manat,AZN
72,BAHAMAS,BS,Bahamian Dollar,BSD
73,BAHRAIN,BH,Bahraini Dinar,BHD
74,BANGLADESH,BD,Taka,BDT
75,BARBADOS,BB,Barbadian Dollar,BBD
76,BELARUS,BY,Belarus Ruble,BYR
77,BELIZE,BZ,Belizean Dollar,BZD
78,BENIN,BJ,CFA Franc BCEAO,XOF
79,BURKINA FASO,BF,CFA Franc BCEAO,XOF
80,GUINEA-BISSAU,GW,CFA Franc BCEAO,XOF
81,IVORY COAST,CI,CFA Franc BCEAO,XOF
82,MALI,ML,CFA Franc BCEAO,XOF
83,NIGER,NE,CFA Franc BCEAO,XOF
84,SENEGAL,SN,CFA Franc BCEAO,XOF
85,TOGO,TG,CFA Franc BCEAO,XOF
86,BERMUDA,BM,Bermudian Dollar,BMD
87,BHUTAN,BT,Indian Rupee,INR
88,INDIA,IN,Indian Rupee,INR
89,BOLIVIA,BO,Boliviano,BOB
90,BOTSWANA,BW,Pula,BWP
91,BOUVET ISLAND,BV,Norwegian Krone,NOK
92,NORWAY,NO,Norwegian Krone,NOK
93,SVALBARD AND JAN MAYEN ISLANDS,SJ,Norwegian Krone,NOK
94,BRAZIL,BR,Brazil,BRL
95,BRUNEI DARUSSALAM,BN,Bruneian Dollar,BND
96,BULGARIA,BG,Lev,BGN
97,BURUNDI,BI,Burundi Franc,BIF
98,CAMBODIA,KH,Riel,KHR
99,CAMEROON,CM,CFA Franc BEAC,XAF
100,CENTRAL AFRICAN REPUBLIC,CF,CFA Franc BEAC,XAF
101,CHAD,TD,CFA Franc BEAC,XAF
102,CONGO REPUBLIC OF THE DEMOCRATIC,CG,CFA Franc BEAC,XAF
103,EQUATORIAL GUINEA,GQ,CFA Franc BEAC,XAF
104,GABON,GA,CFA Franc BEAC,XAF
105,CAPE VERDE,CV,Escudo,CVE
106,CAYMAN ISLANDS,KY,Caymanian Dollar,KYD
107,CHILE,CL,Chilean Peso,CLP
108,CHINA,CN,Yuan Renminbi,CNY
109,COLOMBIA,CO,Peso,COP
110,COMOROS,KM,Comoran Franc,KMF
111,CONGO-BRAZZAVILLE,CD,Congolese Frank,CDF
112,COSTA RICA,CR,Costa Rican Colon,CRC
113,CROATIA,HR,Croatian Dinar,HRK
114,CUBA,CU,Cuban Peso,CUP
115,CYPRUS,CY,Cypriot Pound,CYP
116,CZECHIA,CZ,Koruna,CZK
117,DENMARK,DK,Danish Krone,DKK
118,FAROE ISLANDS,FO,Danish Krone,DKK
119,GREENLAND,GL,Danish Krone,DKK
120,DJIBOUTI,DJ,Djiboutian Franc,DJF
121,DOMINICAN REPUBLIC,DO,Dominican Peso,DOP
122,EAST TIMOR,TP,Indonesian Rupiah,IDR
123,INDONESIA,ID,Indonesian Rupiah,IDR
124,ECUADOR,EC,Sucre,ECS
125,EGYPT,EG,Egyptian Pound,EGP
126,EL SALVADOR,SV,Salvadoran Colon,SVC
127,ERITREA,ER,Ethiopian Birr,ETB
128,ETHIOPIA,ET,Ethiopian Birr,ETB
129,ESTONIA,EE,Estonian Kroon,EEK
130,FALKLAND ISLANDS (MALVINAS),FK,Falkland Pound,FKP
131,FIJI,FJ,Fijian Dollar,FJD
132,FRENCH POLYNESIA,PF,CFP Franc,XPF
133,NEW CALEDONIA,NC,CFP Franc,XPF
134,WALLIS AND FUTUNA ISLANDS,WF,CFP Franc,XPF
135,GAMBIA,GM,Dalasi,GMD
136,GEORGIA,GE,Lari,GEL
137,GIBRALTAR,GI,Gibraltar Pound,GIP
138,GUATEMALA,GT,Quetzal,GTQ
139,GUINEA,GN,Guinean Franc,GNF
140,GUYANA,GY,Guyanaese Dollar,GYD
141,HAITI,HT,Gourde,HTG
142,HONDURAS,HN,Lempira,HNL
143,HUNGARY,HU,Forint,HUF
144,ICELAND,IS,Icelandic Krona,ISK
145,IRAN (ISLAMIC REPUBLIC OF),IR,Iranian Rial,IRR
146,IRAQ,IQ,Iraqi Dinar,IQD
147,ISRAEL,IL,Shekel,ILS
148,JAMAICA,JM,Jamaican Dollar,JMD
149,JORDAN,JO,Jordanian Dinar,JOD
150,KAZAKHSTAN,KZ,Tenge,KZT
151,KENYA,KE,Kenyan Shilling,KES
152,KOREA NORTH,KP,Won,KPW
153,SOUTH KOREA,KR,Won,KRW
154,KUWAIT,KW,Kuwaiti Dinar,KWD
155,KYRGYZSTAN,KG,Som,KGS
156,LAO PEOPLEÕS DEMOCRATIC REPUBLIC,LA,Kip,LAK
157,LATVIA,LV,Lat,LVL
158,LEBANON,LB,Lebanese Pound,LBP
159,LESOTHO,LS,Loti,LSL
160,LIBERIA,LR,Liberian Dollar,LRD
161,LIBYAN ARAB JAMAHIRIYA,LY,Libyan Dinar,LYD
162,LIECHTENSTEIN,LI,Swiss Franc,CHF
163,SWITZERLAND,CH,Swiss Franc,CHF
164,LITHUANIA,LT,Lita,LTL
165,MACAU,MO,Pataca,MOP
166,MACEDONIA,MK,Denar,MKD
167,MADAGASCAR,MG,Malagasy Franc,MGA
168,MALAWI,MW,Malawian Kwacha,MWK
169,MALAYSIA,MY,Ringgit,MYR
170,MALDIVES,MV,Rufiyaa,MVR
171,MALTA,MT,Maltese Lira,MTL
172,MAURITANIA,MR,Ouguiya,MRO
173,MAURITIUS,MU,Mauritian Rupee,MUR
174,MEXICO,MX,Peso,MXN
175,MOLDOVA,MD,Leu,MDL
176,MONGOLIA,MN,Tugrik,MNT
177,MOROCCO,MA,Dirham,MAD
178,WESTERN SAHARA,EH,Dirham,MAD
179,MOZAMBIQUE,MZ,Metical,MZN
180,MYANMAR,MM,Kyat,MMK
181,NAMIBIA,,Dollar,NAD
182,NEPAL,NP,Nepalese Rupee,NPR
183,NICARAGUA,NI,Cordoba Oro,NIO
184,NIGERIA,NG,Naira,NGN
185,OMAN,OM,Sul Rial,OMR
186,PAKISTAN,PK,Rupee,PKR
187,PANAMA,PA,Balboa,PAB
188,PAPUA NEW GUINEA,PG,Kina,PGK
189,PARAGUAY,PY,Guarani,PYG
190,PERU,PE,Nuevo Sol,PEN
191,PHILIPPINES,PH,Peso,PHP
192,POLAND,PL,Zloty,PLN
193,QATAR,QA,Rial,QAR
194,ROMANIA,RO,Leu,RON
195,RUSSIA,RU,Ruble,RUB
196,RWANDA,RW,Rwanda Franc,RWF
197,SAO TOME AND PRINCIPE,ST,Dobra,STD
198,SAUDI ARABIA,SA,Riyal,SAR
199,SEYCHELLES,SC,Rupee,SCR
200,SIERRA LEONE,SL,Leone,SLL
201,SINGAPORE,SG,Dollar,SGD
202,SLOVAKIA,SK,Koruna,SKK
203,SOLOMON ISLANDS,SB,Solomon Islands Dollar,SBD
204,SOMALIA,SO,Shilling,SOS
205,SOUTH AFRICA,ZA,Rand,ZAR
206,SRI LANKA,LK,Rupee,LKR
207,SUDAN,SD,Dinar,SDG
208,SURINAME,SR,Surinamese Guilder,SRD
209,SWAZILAND,SZ,Lilangeni,SZL
210,SWEDEN,SE,Krona,SEK
211,SYRIAN ARAB REPUBLIC,SY,Syrian Pound,SYP
212,TAIWAN,TW,Dollar,TWD
213,TAJIKISTAN,TJ,Tajikistan Ruble,TJS
214,TANZANIA,TZ,Shilling,TZS
215,THAILAND,TH,Baht,THB
216,TONGA,TO,PaÕanga,TOP
217,TRINIDAD AND TOBAGO,TT,Trinidad and Tobago Dollar,TTD
218,TUNISIA,TN,Tunisian Dinar,TND
219,TURKEY,TR,Lira,TRY
220,TURKMENISTAN,TM,Manat,TMT
221,UGANDA,UG,Shilling,UGX
222,UKRAINE,UA,Hryvnia,UAH
223,UNITED ARAB EMIRATES,AE,Dirham,AED
224,URUGUAY,UY,Peso,UYU
225,UZBEKISTAN,UZ,Som,UZS
226,VANUATU,VU,Vatu,VUV
227,VENEZUELA,VE,Bolivar,VEF
228,VIETNAM,VN,Dong,VND
229,YEMEN,YE,Rial,YER
230,ZAMBIA,ZM,Kwacha,ZMK
231,ZIMBABWE,ZW,Zimbabwe Dollar,ZWD
232,ALAND ISLANDS,AX,Euro,EUR
233,ANGOLA,AO,Angolan kwanza,AOA
234,ANTARCTICA,AQ,Antarctican dollar,AQD
235,BOSNIA AND HERZEGOVINA,BA,Bosnia and Herzegovina convertible mark,BAM
236,CONGO (KINSHASA),CD,Congolese Frank,CDF
237,GHANA,GH,Ghana cedi,GHS
238,GUERNSEY,GG,Guernsey pound,GGP
239,ISLE OF MAN,IM,Manx pound,GBP
240,LAOS,LA,Lao kip,LAK
241,MACAO S.A.R.,MO,Macanese pataca,MOP
242,MONTENEGRO,ME,Euro,EUR
243,PALESTINIAN TERRITORY,PS,Jordanian dinar,JOD
244,SAINT BARTHELEMY,BL,Euro,EUR
245,SAINT HELENA,SH,Saint Helena pound,GBP
246,SAINT MARTIN (FRENCH PART),MF,Netherlands Antillean guilder,ANG
247,SAINT PIERRE AND MIQUELON,PM,Euro,EUR
248,SERBIA,RS,Serbian dinar,RSD
249,US ARMED FORCES,USAF,US Dollar,USD
